Voltage_measured,Current_measured,Temperature_measured,Current_charge,Voltage_charge,Time,id_cycle,type,ambient_temperature,time
0.23635618415267867,-0.003484426276184136,23.372047504812105,0.0,0.003,0.0,615,charge,24,2008.0
0.003365244223881807,-0.0014957339000395767,23.369433909575033,0.0,0.003,2.5469999999999997,615,charge,24,2008.0
4.985136965640462,0.0005056082535335901,23.386535422873216,0.0,5.002,5.499999999999999,615,charge,24,2008.0
4.984720450648856,0.00044177505006612506,23.386983256936325,-0.002,5.002,8.312000000000001,615,charge,24,2008.0
4.213439684000495,-0.0007336593941978536,23.385060976273284,-0.002,4.229,12.656000000000002,615,charge,24,2008.0
