Voltage_measured,Current_measured,Temperature_measured,Current_charge,Voltage_charge,Time,Capacity,id_cycle,type,ambient_temperature,time
4.1824770749578155,-0.0003366634023298045,6.383481120383388,0.0006,0.0,0.0,0.0,252,discharge,4,2010.0
4.182139265195885,-0.0017373701813453435,5.961534679788729,0.0004,4.199,9.36,0.0,252,discharge,4,2010.0
3.83839582745546,-2.01259368265579,5.714843733213906,1.9984,2.813,23.0,0.0,252,discharge,4,2010.0
